Emergency,Client ID,Customer,Client email,Product,Date of request
no,cff0fb3a,yes,velazquezmaxwell@example.org,6,2025-01-01
yes,90639f05,yes,stephenmoyer@example.com,4,2025-01-02
no,5bd19d1f,no,tcobb@example.net,5,2025-01-03
yes,49412c37,yes,nicolesanchez@example.com,3,2025-01-03
yes,49925004,yes,pattersonlauren@example.com,6,2025-01-04
no,19b6a842,yes,mullinsangelica@example.com,8,2025-01-04
no,da898389,yes,walter02@example.org,6,2025-01-05
no,f2181038,yes,andrepatterson@example.com,1,2025-01-05
no,d88f2bc1,no,barbara12@example.org,5,2025-01-05
yes,2cfe1995,yes,lawsonjennifer@example.net,4,2025-01-06
no,bdc06b35,yes,peggyshaw@example.net,4,2025-01-06
no,48b968e3,no,gpalmer@example.com,1,2025-01-06
yes,2cbfc80f,no,vegatracy@example.org,3,2025-01-07
no,c7a6587d,no,bhamilton@example.net,1,2025-01-09
no,a016a3be,yes,edwarddawson@example.net,5,2025-01-09
no,84570aca,no,danielhunter@example.net,6,2025-01-11
no,4f684952,yes,portercorey@example.net,2,2025-01-12
no,340cf5bc,yes,brett39@example.com,5,2025-01-12
no,b743b55d,yes,andrew26@example.com,5,2025-01-13
no,0d5a7b49,yes,cookcharles@example.net,5,2025-01-15
yes,1fc55800,yes,jonathanphillips@example.net,7,2025-01-16
no,b4444aa3,no,thomasmegan@example.org,4,2025-01-17
yes,3131596e,yes,ericaadams@example.org,1,2025-01-17
no,4b124e04,yes,kathleen58@example.org,2,2025-01-18
no,76847069,no,nwilliams@example.org,5,2025-01-18
no,2e4bf49b,yes,tara80@example.com,4,2025-01-18
no,04d46439,yes,perezalexander@example.com,1,2025-01-19
yes,a5368b01,no,shawngeorge@example.org,8,2025-01-20
yes,e8e32010,yes,morristiffany@example.net,1,2025-01-20
no,ebd857ba,yes,samantha44@example.org,7,2025-01-20
yes,2f81f3bd,no,kennethvaughn@example.com,3,2025-01-20
no,4b12695a,yes,petermoss@example.org,4,2025-01-22
no,2f4f256c,yes,davidmack@example.net,5,2025-01-22
yes,c6cedd59,no,katherine31@example.net,6,2025-01-23
yes,dc9e7f16,no,kathryngregory@example.net,6,2025-01-24
no,3757a79c,yes,griffithjoanna@example.net,8,2025-01-24
no,c2cc5320,no,scott15@example.net,4,2025-01-24
yes,c41a6c86,yes,ojones@example.org,4,2025-01-24
yes,7cef55ff,yes,myerskaren@example.org,2,2025-01-25
no,de605ace,yes,andrew53@example.net,2,2025-01-26
no,65d706ee,no,romerohannah@example.com,5,2025-01-26
no,db228504,yes,kevinfisher@example.net,4,2025-01-27
no,7b199440,no,taylorlee@example.net,7,2025-01-27
no,9d26dff2,yes,hruiz@example.net,2,2025-01-27
yes,73897167,yes,jill78@example.org,4,2025-01-28
no,0f46dfbb,yes,alexa85@example.org,1,2025-01-28
yes,a63355df,yes,rjohnson@example.org,5,2025-01-28
no,080422f5,yes,stevenmarks@example.net,6,2025-01-29
no,122ebfe3,no,oandrews@example.org,3,2025-01-30
no,08721e45,no,keithwillis@example.org,2,2025-01-30
no,4e51eecb,yes,fwhite@example.com,8,2025-01-31
no,425a4b79,no,lauren70@example.org,1,2025-01-31
yes,434b751e,yes,amandalucas@example.net,8,2025-02-01
yes,486c9b89,yes,claudia22@example.net,1,2025-02-01
no,b50a555d,yes,blanchardmark@example.net,5,2025-02-02
no,2a3e5aea,no,hernandezmichael@example.com,3,2025-02-03
yes,e7c38a58,yes,jerrypowell@example.net,6,2025-02-05
yes,67282cc3,yes,rivaskenneth@example.net,6,2025-02-06
yes,d5c4b1fa,yes,rachel22@example.org,8,2025-02-07
yes,c8fb7e2d,yes,paulaparrish@example.com,2,2025-02-07
yes,f0a12eaa,no,jbailey@example.com,8,2025-02-07
yes,9a0cb831,no,chenjessica@example.com,4,2025-02-07
no,192c42aa,yes,jjimenez@example.net,3,2025-02-08
yes,ddac868a,no,leonard92@example.net,7,2025-02-09
no,079faf56,yes,lmeadows@example.net,8,2025-02-10
yes,c4a2187b,no,nunezsarah@example.org,8,2025-02-10
yes,1b8b1add,yes,paulstark@example.com,4,2025-02-11
yes,052e1774,no,julia57@example.com,2,2025-02-11
no,46fb21cb,yes,mckeemichelle@example.net,1,2025-02-11
no,07f91b59,no,adam25@example.com,3,2025-02-11
yes,ab5a776f,no,ramirezjames@example.org,1,2025-02-11
no,8235bbe5,no,qowens@example.net,4,2025-02-12
no,ba8fdee5,no,taylorryan@example.org,1,2025-02-12
yes,a55d0459,yes,wayne63@example.org,6,2025-02-13
no,51f7424d,yes,zfields@example.net,2,2025-02-13
no,41f4c318,yes,williamsdenise@example.net,2,2025-02-15
yes,e8e5b6e5,yes,daviscody@example.net,5,2025-02-15
yes,c662fa00,no,perezvincent@example.net,2,2025-02-16
no,618c8cd2,no,jessicabarber@example.net,3,2025-02-17
no,b8b56c95,no,maykatelyn@example.org,8,2025-02-17
no,bfdc8e78,no,michelleyoung@example.com,8,2025-02-17
no,bb4db6f2,no,mathewskristina@example.com,8,2025-02-18
no,d6babac5,yes,gilbertaustin@example.org,3,2025-02-18
yes,2a6a6d25,no,bchurch@example.com,5,2025-02-18
yes,f23010ef,no,joshuahill@example.com,3,2025-02-19
yes,dac804e2,no,andrea84@example.org,2,2025-02-19
yes,24b89b63,yes,melissagarcia@example.org,6,2025-02-19
yes,20a2858f,yes,jennifer80@example.com,8,2025-02-20
no,3b747b58,yes,bishoprobert@example.com,7,2025-02-20
no,f6cef613,yes,madisonwood@example.net,7,2025-02-20
yes,fbe4c51f,no,tracywilliams@example.net,3,2025-02-20
no,7f6fe1c3,yes,sheilaklein@example.org,7,2025-02-21
no,cf840a5f,no,nicolebrown@example.net,4,2025-02-22
no,c3056022,yes,jennifermerritt@example.com,7,2025-02-22
yes,9c183a71,yes,frazieradam@example.org,3,2025-02-22
yes,92adf249,no,margaretgarcia@example.com,5,2025-02-23
yes,8501bd2d,no,bmccullough@example.org,4,2025-02-26
yes,37e5d01c,yes,richard31@example.org,6,2025-02-26
no,2cc2a754,no,debbiechen@example.com,3,2025-02-26
no,446838e0,yes,pmorris@example.net,3,2025-02-27
